﻿fe,ID,dlv_cost,dlv_time,Handle,colors,MPN,Title,Vendor,Variant Image,Type,URL,Custom Collections,Shipping Cost,Delivery Time,Variant SKU,Variant Barcode,Variant Price,Variant Inventory Qty,Variant Cost,Image Src
,'0885909431281,0,2-4 Werktage,Computer_MAGSAFE_POWER_ADAPTER_45W,Weiß,MC747Z/A,Apple Computer MAGSAFE NETZTEIL 45W MC747Z/A,Apple,https://bosaverna.de/cdn/shop/files/1080x1080-Bosaverna-img48.jpg?v=1776296471&width=600,Apple Akku & Ladegerät,https://bosaverna.de/products/apple-45w-magsafe,Apple Akku & Ladegerät,0,4,'0885909431281,'0885909431281,32.99,100,,https://bosaverna.de/cdn/shop/files/1080x1080-Bosaverna-img48.jpg?v=1776296471&width=600
,'0885909611607,0,2-4 Werktage,MagSafe_2_45W_Power_Adapter_MD592Z_A,Weiß,MD592Z/A,Apple Original 45W MagSafe 2 Netzteil MD592Z/A,Apple,https://bosaverna.de/cdn/shop/files/Apple45WMagSafe2PowerAdapter.png?v=1773467836&width=600,Apple Akku & Ladegerät,https://bosaverna.de/products/apple-45w-magsafe-2-power-adapter-originalverpackt,Apple Akku & Ladegerät,0,4,'0885909611607,'0885909611607,47.99,100,,https://bosaverna.de/cdn/shop/files/Apple45WMagSafe2PowerAdapter.png?v=1773467836&width=600
,'0194252646298,0,2-4 Werktage,apple-67w-adapter?_pos=1&_sid=8bd08c02c&_ss=r,Weiß,MKU63ZM/A,Apple 67W USB-C Netzteil MKU63ZM/A,Apple,https://bosaverna.de/cdn/shop/files/Apple_67W_USB-C_Power_Adapter.png?v=1771101875&width=800,Apple Akku & Ladegerät,https://bosaverna.de/products/apple-67w-adapter?_pos=1&_sid=8bd08c02c&_ss=r,Apple Akku & Ladegerät,0,4,'0194252646298,'0194252646298,54.99,100,,https://bosaverna.de/cdn/shop/files/Apple_67W_USB-C_Power_Adapter.png?v=1771101875&width=800
,'0195949376511,0,2-4 Werktage,apple-30w-usb-c-power-adapter-originalverpackt,Weiß,MW2G3ZM/A,Apple 30W USB-C Netzteil MW2G3ZM/A,Apple,https://bosaverna.de/cdn/shop/files/APPLE30WUSB-CPOWERADAPTEREUSPEC.webp?v=1770644087&width=600,Apple Akku & Ladegerät,https://bosaverna.de/products/apple-30w-usb-c-power-adapter-originalverpackt,Apple Akku & Ladegerät,0,4,'0195949376511,'0195949376511,31.99,100,,https://bosaverna.de/cdn/shop/files/APPLE30WUSB-CPOWERADAPTEREUSPEC.webp?v=1770644087&width=600
,'0194252711248,0,2-4 Werktage,Original-Apple-Watch-MagSafe-Ladegerät-USB-C-TYP-C-Smartwach-Netzteil-Magnetisch,Weiß,MLWJ3ZM/A,Apple Watch magnetisches Schnellladegerät auf USB-C MLWJ3ZM/A,Apple,https://bosaverna.de/cdn/shop/files/apple-watch-magnetic-charging-1m-2025.jpg?v=1772270217&width=600,Apple Akku & Ladegerät,https://bosaverna.de/products/apple-watch-magnetisches-ladekabel-weiss-1m-originalverpackt-copy,Apple Akku & Ladegerät,0,4,'0194252711248,'0194252711248,18.99,100,,https://bosaverna.de/cdn/shop/files/apple-watch-magnetic-charging-1m-2025.jpg?v=1772270217&width=600
,'0195949052521,0,2-4 Werktage,jbl-tune-510bt-weiss-copy,Weiß,MTJV3HN/A,Apple AirPods Pro 2. Generation (USB-C) MTJV3HN/A,Apple,https://bosaverna.de/cdn/shop/files/AIRPODSPRO2ndgenerationLightning_REFURBISHED.png?v=1776905914&width=600,Apple Akku & Ladegerät,https://bosaverna.de/products/jbl-tune-510bt-weiss-copy,Apple Akku & Ladegerät,0,4,'0195949052521,'0195949052521,139.99,100,,https://bosaverna.de/cdn/shop/files/AIRPODSPRO2ndgenerationLightning_REFURBISHED.png?v=1776905914&width=600
,'0194253397472 ,0,2-4 Werktage,airpods-pro-2nd-generation-2023-magsafe-case-usb-c-refurbished-copy,Weiß,MQD83ZM/A,Apple AirPods Pro 2. Generation (MQD83ZM/A),Apple,https://bosaverna.de/cdn/shop/files/AIRPODSPRO2ndgenerationLightning_REFURBISHED_front.jpg?v=1776905136&width=600,Apple Akku & Ladegerät,https://bosaverna.de/products/airpods-pro-2nd-generation-2023-magsafe-case-usb-c-refurbished-copy,Apple Akku & Ladegerät,0,4,'0194253397472 ,'0194253397472 ,136.99,100,,https://bosaverna.de/cdn/shop/files/AIRPODSPRO2ndgenerationLightning_REFURBISHED_front.jpg?v=1776905136&width=600
,'0190199291102,0,2-4 Werktage,apple-watch-magnetisches-ladekabel-weiss-1m,Weiß,MX2E2ZM/A,Apple Watch Magnetisches Ladekabel (1 m) MX2E2ZM/A,Apple,https://bosaverna.de/cdn/shop/files/apple-watch-magnetic-charging-1m-2025.jpg?v=1772270217&width=800,Apple Akku & Ladegerät,https://bosaverna.de/products/apple-watch-magnetisches-ladekabel-weiss-1m,Apple Akku & Ladegerät,0,4,'0190199291102,'0190199291102,16.99,100,,https://bosaverna.de/cdn/shop/files/apple-watch-magnetic-charging-1m-2025.jpg?v=1772270217&width=800
,'0195950637076,0,2-4 Werktage,apple-magsafe-25-watt-charger-usb-c-2m,Weiß,MGDM4ZM/A,Apple MagSafe Ladegerät 25W (2 m) MGDM4ZM/A,Apple,https://cdn.shopify.com/s/files/1/0701/1133/0568/files/APPLE70WUSB-CADAPTER.png?v=1784470323,Apple Akku & Ladegerät,https://bosaverna.de/products/apple-magsafe-25-watt-charger-usb-c-2m,Apple Akku & Ladegerät,0,4,'0195950637076,'0195950637076,37.99,100,,https://cdn.shopify.com/s/files/1/0701/1133/0568/files/APPLE70WUSB-CADAPTER.png?v=1784470323
,'0195949590696,0,2-4 Werktage,apple-magsafe-25-watt-charger-usb-c-2m,Weiß,MX6Y3ZM/A,Apple MagSafe Ladegerät 2 m MX6Y3ZM/A,Apple,https://cdn.shopify.com/s/files/1/0701/1133/0568/files/APPLE70WUSB-CADAPTER.png?v=1784470323,Apple Akku & Ladegerät,https://bosaverna.de/products/apple-magsafe-25-watt-charger-usb-c-2m,Apple Akku & Ladegerät,0,4,'0195949590696,'0195949590696,37.99,100,,https://cdn.shopify.com/s/files/1/0701/1133/0568/files/APPLE70WUSB-CADAPTER.png?v=1784470323
,'4260723914275,0,2-4 Werktage,apple-20-w-usb-c-power-adapter-60w-usb-c-auf-lightning-kabel-1-m-bundle-fast-charge-weiss-originalverpackt,Weiß,MUQ93ZM/A,Apple 20-W-USB-C-Netzteil + 60-W-USB-C-auf-Lightning-Kabel (1 m) ,Apple,https://bosaverna.de/cdn/shop/files/Apple_20W_USB-C_POWER_ADAPTER_USB-C_60W_TO_LIGHTNING_CABLE_-_front.png?v=1781456168&width=600,Apple Akku & Ladegerät,https://bosaverna.de/products/apple-20-w-usb-c-power-adapter-60w-usb-c-auf-lightning-kabel-1-m-bundle-fast-charge-weiss-originalverpackt,Apple Akku & Ladegerät,0,4,'4260723914275,'4260723914275,26.99,100,,https://bosaverna.de/cdn/shop/files/Apple_20W_USB-C_POWER_ADAPTER_USB-C_60W_TO_LIGHTNING_CABLE_-_front.png?v=1781456168&width=600
,'4260723913384,0,2-4 Werktage,apple-20w-usb-c-power-adapter-2m-usb-c-to-lightning-cable,Weiß,MX0K2ZM/A,Apple 20W USB-C Netzteil + USB-C auf Lightning Kabel 2m – Bundle,Apple,https://bosaverna.de/cdn/shop/files/Screenshot_10.jpg?v=1771922808&width=600,Apple Akku & Ladegerät,https://bosaverna.de/products/apple-20w-usb-c-power-adapter-2m-usb-c-to-lightning-cable,Apple Akku & Ladegerät,0,4,'4260723913384,'4260723913384,23.99,100,,https://bosaverna.de/cdn/shop/files/Screenshot_10.jpg?v=1771922808&width=600
,'749166652899,0,2-4 Werktage,apple-20w-usb-c-power-adapter-usb-c-240w-to-lightning-cable-copy,Weiß,MUVV3ZM/A,20-W-USB-C-Netzteil + USB-C 60-W-auf-Lightning-Kabel,Apple,https://bosaverna.de/cdn/shop/files/1024x1024-1.jpg?v=1771101191&width=800,Apple Akku & Ladegerät,https://bosaverna.de/products/apple-20w-usb-c-power-adapter-usb-c-240w-to-lightning-cable-copy,Apple Akku & Ladegerät,0,4,'749166652899,'749166652899,26.99,100,,https://bosaverna.de/cdn/shop/files/1024x1024-1.jpg?v=1771101191&width=800
,'195949093432,0,2-4 Werktage,usb-c-240w-charge-cable2m?_pos=1&_psq=USB-C+240W+CHARGE+CABLE%282M%29&_ss=e&_v=1.0,Weiß,myqt3zm/a,Apple 240W USB-C Charge Cable (2 m) myqt3zm/a,Apple,https://bosaverna.de/cdn/shop/files/Usb-c240wChargeCable_2m.jpg?v=1771102140&width=800,Apple Akku & Ladegerät,https://bosaverna.de/products/usb-c-240w-charge-cable2m?_pos=1&_psq=USB-C+240W+CHARGE+CABLE%282M%29&_ss=e&_v=1.0,Apple Akku & Ladegerät,0,4,'195949093432,'195949093432,18.99,100,,https://bosaverna.de/cdn/shop/files/Usb-c240wChargeCable_2m.jpg?v=1771102140&width=800
,'0195949775390,0,2-4 Werktage,usb-c-240w-charge-cable2m?_pos=1&_psq=USB-C+240W+CHARGE+CABLE%282M%29&_ss=e&_v=1.0,Weiß,myqt3zm/a,Apple 240W USB-C Ladekabel 2m Weiß,Apple,https://bosaverna.de/cdn/shop/files/Usb-c240wChargeCable_2m.jpg?v=1771102140&width=800,Apple Akku & Ladegerät,https://bosaverna.de/products/usb-c-240w-charge-cable2m?_pos=1&_psq=USB-C+240W+CHARGE+CABLE%282M%29&_ss=e&_v=1.0,Apple Akku & Ladegerät,0,4,'0195949775390,'0195949775390,18.99,100,,https://bosaverna.de/cdn/shop/files/Usb-c240wChargeCable_2m.jpg?v=1771102140&width=800
,'4260723912981,0,2-4 Werktage,usb-c-to-lightning-cable-2m?_pos=1&_psq=Kabel+%281+m%29&_ss=e&_v=1.0,Weiß,MUF72ZM,"USB-C auf Lightning Kabel (1 m), weiß",Apple,https://bosaverna.de/cdn/shop/files/Apple60wUsb-cCable1m.jpg?v=1771101506&width=800,Apple Akku & Ladegerät,https://bosaverna.de/products/usb-c-to-lightning-cable-2m?_pos=1&_psq=Kabel+%281+m%29&_ss=e&_v=1.0,Apple Akku & Ladegerät,0,4,'4260723912981,'4260723912981,11.99,100,,https://bosaverna.de/cdn/shop/files/Apple60wUsb-cCable1m.jpg?v=1771101506&width=800
,'4270003232401,0,2-4 Werktage,20w-usb-c-power-adapter-1m-usb-c-to-lightning-cable?_pos=1&_psq=20W+USB-C+POWER+ADAPTER+++1M+USB+C+TO+LIGHTNING+CABLE&_ss=e&_v=1.0,Weiß,MUQ93ZM/A,20-W-USB-C-Netzteil + 1 m USB-C-auf-Lightning-Kabel,Apple,https://bosaverna.de/cdn/shop/files/1024x1024-1.jpg?v=1771101191&width=800,Apple Akku & Ladegerät,https://bosaverna.de/products/20w-usb-c-power-adapter-1m-usb-c-to-lightning-cable?_pos=1&_psq=20W+USB-C+POWER+ADAPTER+++1M+USB+C+TO+LIGHTNING+CABLE&_ss=e&_v=1.0,Apple Akku & Ladegerät,0,4,'9120320365823,'9120320365823,21.99,100,,https://bosaverna.de/cdn/shop/files/1024x1024-1.jpg?v=1771101191&width=800
,'4260723914275,0,2-4 Werktage,20w-usb-c-power-adapter-1m-usb-c-to-lightning-cable?_pos=1&_sid=46eea43d2&_ss=r,Weiß,MUVV3ZM/A,20-W-USB-C-Netzteil + USB-C 60-W-auf-Lightning-Kabel,Apple,https://bosaverna.de/cdn/shop/files/1024x1024-1.jpg?v=1771101191&width=800,Apple Akku & Ladegerät,https://bosaverna.de/products/20w-usb-c-power-adapter-1m-usb-c-to-lightning-cable?_pos=1&_sid=46eea43d2&_ss=r,Apple Akku & Ladegerät,0,4,'4260723914275,'4260723914275,21.99,100,,https://bosaverna.de/cdn/shop/files/1024x1024-1.jpg?v=1771101191&width=800
,'0195949377112,0,2-4 Werktage,apple-140w-usb-c-mw2m3zm-a,Weiß,MW2M3ZM/A,Apple 140W USB-C (MW2M3ZM/A),Apple,https://bosaverna.de/cdn/shop/files/d3cc1e1f4758bfc94a318e5a1ad3db33.webp?v=1775771192&width=600,Apple Akku & Ladegerät,https://bosaverna.de/products/apple-140w-usb-c-mw2m3zm-a,Apple Akku & Ladegerät,0,4,'0195949377112,'0195949377112,50.99,100,,https://bosaverna.de/cdn/shop/files/d3cc1e1f4758bfc94a318e5a1ad3db33.webp?v=1775771192&width=600
,'0194252750766,0,2-4 Werktage,apple-140w-usb-c-mw2m3zm-a,Weiß,,Apple 140W USB-C Netzteil,Apple,https://bosaverna.de/cdn/shop/files/0d03b7cb37ff5c7fab77ab6cd031200d.webp?v=1775771192&width=600,Apple Akku & Ladegerät,https://bosaverna.de/products/apple-140w-usb-c-mw2m3zm-a,Apple Akku & Ladegerät,0,4,'0194252750766,'0194252750766,50.99,100,,https://bosaverna.de/cdn/shop/files/0d03b7cb37ff5c7fab77ab6cd031200d.webp?v=1775771192&width=600
,'190198099150,0,2-4 Werktage,apple-87w-usb-c-power-adapter-mnf82z-a,Weiß,MNF82Z/A,Apple 87W USB‑C Netzteil MNF82Z/A,Apple,https://bosaverna.de/cdn/shop/files/Apple87WUSB_CNetzteilMNF82Z_A-1.webp?v=1786910455&width=600,Apple Akku & Ladegerät,https://bosaverna.de/products/apple-87w-usb-c-power-adapter-mnf82z-a,Apple Akku & Ladegerät,0,4,'190198099150,'190198099150,58.99,100,,https://bosaverna.de/cdn/shop/files/Apple87WUSB_CNetzteilMNF82Z_A-1.webp?v=1786910455&width=600
,'885909611508,0,2-4 Werktage,apple-85w-magsafe-2-power-adapter-md506z-a,Weiß,MD506Z/A,Apple 85W MagSafe 2 Netzteil MD506Z/A,Apple,https://bosaverna.de/cdn/shop/files/Apple85WMagSafe2NetzteilMD506Z_A1.jpg?v=1786911407&width=600,Apple Akku & Ladegerät,https://bosaverna.de/products/apple-85w-magsafe-2-power-adapter-md506z-a,Apple Akku & Ladegerät,0,4,'885909611508,'885909611508,62.9,100,,https://bosaverna.de/cdn/shop/files/Apple85WMagSafe2NetzteilMD506Z_A1.jpg?v=1786911407&width=600
,'885909575763,0,2-4 Werktage,apple-60w-magsafe-2-power-adapter-md565z-a,Weiß,MD565Z/A,Apple 60W MagSafe 2 Netzteil MD565Z/A,Apple,https://bosaverna.de/cdn/shop/files/s-l1200_71e44448-6f81-47dd-b135-ba1a62d1cf89.jpg?v=1786909748&width=600,Apple Akku & Ladegerät,https://bosaverna.de/products/apple-60w-magsafe-2-power-adapter-md565z-a,Apple Akku & Ladegerät,0,4,'885909575763,'885909575763,58.99,100,,https://bosaverna.de/cdn/shop/files/s-l1200_71e44448-6f81-47dd-b135-ba1a62d1cf89.jpg?v=1786909748&width=600
,'0190199534865,0,2-4 Werktage,apple-60w-usb-c-auf-usb-c-ladekabel-1m-fur-iphone-17-16-pro-max-plus-ohne-verpackung,Weiß,MLL82ZM/A,Apple 60W USB-C auf USB-C Ladekabel 1m,Apple,https://bosaverna.de/cdn/shop/files/Apple60wUsb-cCable1m.jpg?v=1771101506&width=600,Apple Akku & Ladegerät,https://bosaverna.de/products/apple-60w-usb-c-cable-1m,Apple Akku & Ladegerät,0,4,'0190199534865,'0190199534865,14.99,100,,https://bosaverna.de/cdn/shop/files/Apple60wUsb-cCable1m.jpg?v=1771101506&width=600
